section,segment_loc,region,location,marker_color,marker_size,annotation_text,annotation_color
dend[12],0.778,b,0.778,(0.2980392156862745, 0.4470588235294118, 0.690,1),10,,(0.5, 0.5, 0.5, 0.0)
soma,0.500,soma,0.500,(0.3333333333333333, 0.6588235294117647, 0.407,1),10,,(0.5, 0.5, 0.5, 0.0)
dend[88],0.733,o,0.733,(0.8666666666666667, 0.5176470588235295, 0.321,1),10,,(0.5, 0.5, 0.5, 0.0)
dend[84],0.000,t,0.000,(0.7686274509803922, 0.3058823529411765, 0.321,1),10,,(0.5, 0.5, 0.5, 0.0)
dend[91],0.365,tft,0.365,(0.5058823529411764, 0.4470588235294118, 0.701,1),10,,(0.5, 0.5, 0.5, 0.0)